{"count":1,"gauges":{},"self":12.333420799999999,"total":12.6327435,"children":{"AgentSendState":{"count":583,"self":0.022042799999999998,"total":0.023589099999999998,"children":{"CollectObservations":{"count":73,"self":0.0015463,"total":0.0015463,"children":null}}},"DecideAction":{"count":583,"self":0.23690499999999998,"total":0.2576208,"children":{"RayPerceptionSensor.Perceive":{"count":73,"self":0.0207158,"total":0.0207158,"children":null}}},"AgentAct":{"count":583,"self":0.0166143,"total":0.0166143,"children":null}}}