{"cameraMode":{"drawMode":0,"name":"Shaded","section":"Shading Mode"},"sceneLighting":false,"audioPlay":false,"sceneViewState":{"showFog":true,"showMaterialUpdate":false,"showSkybox":false,"showFlares":true,"showImageEffects":true,"showParticleSystems":true},"in2DMode":false,"pivot":{"x":-2.500000476837158,"y":0.49999934434890749,"z":7.5},"rotation":{"x":0.5068433284759522,"y":-0.35530778765678408,"z":0.24090011417865754,"w":0.7475516200065613},"size":35.08918380737305,"orthographic":false}